{"cameraMode":{"drawMode":0,"name":"Shaded","section":"Shading Mode"},"sceneLighting":true,"audioPlay":false,"sceneViewState":{"showFog":false,"showMaterialUpdate":false,"showSkybox":false,"showFlares":false,"showImageEffects":false,"showParticleSystems":false},"in2DMode":false,"pivot":{"x":-0.09878063201904297,"y":4.0500006675720219,"z":-0.7366800308227539},"rotation":{"x":0.08849791437387467,"y":-0.8963509798049927,"z":0.20798447728157044,"w":0.3813997805118561},"size":5.4709930419921879,"orthographic":false}