{"cameraMode":{"drawMode":0,"name":"Shaded","section":"Shading Mode"},"sceneLighting":false,"audioPlay":false,"sceneViewState":{"showFog":false,"showMaterialUpdate":false,"showSkybox":false,"showFlares":false,"showImageEffects":false,"showParticleSystems":false},"in2DMode":false,"pivot":{"x":-2.384185791015625e-7,"y":-0.0009785890579223633,"z":-2.384185791015625e-7},"rotation":{"x":0.15215276181697846,"y":0.7933069467544556,"z":-0.2208356410264969,"w":0.5465777516365051},"size":5.663801193237305,"orthographic":false}