{"cameraMode":{"drawMode":0,"name":"Shaded","section":"Shading Mode"},"sceneLighting":true,"audioPlay":false,"sceneViewState":{"showFog":false,"showMaterialUpdate":false,"showSkybox":false,"showFlares":false,"showImageEffects":false,"showParticleSystems":false},"in2DMode":false,"pivot":{"x":2.026196002960205,"y":1.003494143486023,"z":5.213312149047852},"rotation":{"x":0.08637024462223053,"y":-0.21145115792751313,"z":-0.01876339688897133,"w":-0.9733877778053284},"size":10.650426864624024,"orthographic":false}