{"cameraMode":{"drawMode":0,"name":"Shaded","section":"Shading Mode"},"sceneLighting":true,"audioPlay":false,"sceneViewState":{"showFog":false,"showMaterialUpdate":false,"showSkybox":false,"showFlares":false,"showImageEffects":false,"showParticleSystems":false},"in2DMode":false,"pivot":{"x":0.019336648285388948,"y":0.0,"z":1.0329999923706055},"rotation":{"x":0.15215276181697846,"y":0.7933069467544556,"z":-0.2208356410264969,"w":0.5465777516365051},"size":0.8210741877555847,"orthographic":false}