{"cameraMode":{"drawMode":0,"name":"Shaded","section":"Shading Mode"},"sceneLighting":true,"audioPlay":false,"sceneViewState":{"showFog":false,"showMaterialUpdate":false,"showSkybox":false,"showFlares":false,"showImageEffects":false,"showParticleSystems":false},"in2DMode":false,"pivot":{"x":1.2877000570297242,"y":3.9998042583465578,"z":1.023300051689148},"rotation":{"x":0.08849791437387467,"y":-0.8963509798049927,"z":0.20798447728157044,"w":0.3813997805118561},"size":9.019092559814454,"orthographic":false}