{"cameraMode":{"drawMode":0,"name":"Shaded","section":"Shading Mode"},"sceneLighting":true,"audioPlay":false,"sceneViewState":{"showFog":false,"showMaterialUpdate":false,"showSkybox":false,"showFlares":false,"showImageEffects":false,"showParticleSystems":false},"in2DMode":false,"pivot":{"x":2.613945484161377,"y":-0.5531806945800781,"z":2.444880485534668},"rotation":{"x":0.21774892508983613,"y":0.4129871428012848,"z":-0.102379210293293,"w":0.8783787488937378},"size":16.09267234802246,"orthographic":false}