{"cameraMode":{"drawMode":0,"name":"Shaded","section":"Shading Mode"},"sceneLighting":true,"audioPlay":false,"sceneViewState":{"showFog":false,"showMaterialUpdate":false,"showSkybox":false,"showFlares":false,"showImageEffects":false,"showParticleSystems":false},"in2DMode":false,"pivot":{"x":-1.589748740196228,"y":-1.0958194732666016,"z":-0.05681610107421875},"rotation":{"x":0.5284895300865173,"y":-0.05213852971792221,"z":0.03254313766956329,"w":0.8467121124267578},"size":9.527854919433594,"orthographic":false}