{"cameraMode":{"drawMode":0,"name":"Shaded","section":"Shading Mode"},"sceneLighting":true,"audioPlay":false,"sceneViewState":{"showFog":false,"showMaterialUpdate":false,"showSkybox":false,"showFlares":false,"showImageEffects":false,"showParticleSystems":false},"in2DMode":false,"pivot":{"x":-0.22271180152893067,"y":1.454932689666748,"z":-1.5430576801300049},"rotation":{"x":-0.15726011991500855,"y":-0.6238316893577576,"z":0.13003337383270265,"w":-0.7544545531272888},"size":1.6421482563018799,"orthographic":false}