{"cameraMode":{"drawMode":0,"name":"Shaded","section":"Shading Mode"},"sceneLighting":true,"audioPlay":false,"sceneViewState":{"showFog":false,"showMaterialUpdate":false,"showSkybox":false,"showFlares":false,"showImageEffects":false,"showParticleSystems":false},"in2DMode":false,"pivot":{"x":-2.4856553077697756,"y":2.1943812370300295,"z":0.121726393699646},"rotation":{"x":0.02431679144501686,"y":0.585240364074707,"z":-0.0175620187073946,"w":0.8103073835372925},"size":5.47022008895874,"orthographic":false}