{"cameraMode":{"drawMode":0,"name":"Shaded","section":"Shading Mode"},"sceneLighting":true,"audioPlay":false,"sceneViewState":{"showFog":false,"showMaterialUpdate":false,"showSkybox":false,"showFlares":false,"showImageEffects":false,"showParticleSystems":false},"in2DMode":false,"pivot":{"x":-0.24267016351222993,"y":-0.5000392198562622,"z":1.5759648084640504},"rotation":{"x":0.07227267324924469,"y":0.9156308770179749,"z":-0.3462148904800415,"w":0.19113926589488984},"size":2.0243988037109377,"orthographic":false}