{"cameraMode":{"drawMode":0,"name":"Shaded","section":"Shading Mode"},"sceneLighting":true,"audioPlay":false,"sceneViewState":{"showFog":false,"showMaterialUpdate":false,"showSkybox":false,"showFlares":false,"showImageEffects":false,"showParticleSystems":false},"in2DMode":false,"pivot":{"x":-0.2875795364379883,"y":1.3015739917755128,"z":0.5501603484153748},"rotation":{"x":0.13637225329875947,"y":0.19334127008914948,"z":-0.0271474476903677,"w":0.971229612827301},"size":13.251636505126954,"orthographic":false}