{"cameraMode":{"drawMode":0,"name":"Shaded","section":"Shading Mode"},"sceneLighting":true,"audioPlay":false,"sceneViewState":{"showFog":false,"showMaterialUpdate":false,"showSkybox":false,"showFlares":false,"showImageEffects":false,"showParticleSystems":false},"in2DMode":false,"pivot":{"x":-0.8098785877227783,"y":1.320845603942871,"z":1.2158234119415284},"rotation":{"x":-0.15726011991500855,"y":-0.6238316893577576,"z":0.13003337383270265,"w":-0.7544545531272888},"size":2.3930575847625734,"orthographic":false}