{"cameraMode":{"drawMode":0,"name":"Shaded","section":"Shading Mode"},"sceneLighting":true,"audioPlay":false,"sceneViewState":{"showFog":false,"showMaterialUpdate":false,"showSkybox":false,"showFlares":false,"showImageEffects":false,"showParticleSystems":false},"in2DMode":false,"pivot":{"x":-27.212406158447267,"y":-13607.466796875,"z":22.21728515625},"rotation":{"x":0.02543114498257637,"y":0.0719144269824028,"z":-0.0018342474941164256,"w":0.9970852732658386},"size":5.311289310455322,"orthographic":false}