{"cameraMode":{"drawMode":0,"name":"Shaded","section":"Shading Mode"},"sceneLighting":true,"audioPlay":false,"sceneViewState":{"showFog":false,"showMaterialUpdate":false,"showSkybox":false,"showFlares":false,"showImageEffects":false,"showParticleSystems":false},"in2DMode":false,"pivot":{"x":1.0,"y":1.9900000095367432,"z":-3.0299999713897707},"rotation":{"x":-0.05848078802227974,"y":-0.22066974639892579,"z":0.013255683705210686,"w":-0.9735073447227478},"size":1.595780611038208,"orthographic":false}