{"cameraMode":{"drawMode":0,"name":"Shaded","section":"Shading Mode"},"sceneLighting":true,"audioPlay":false,"sceneViewState":{"showFog":false,"showMaterialUpdate":false,"showSkybox":false,"showFlares":false,"showImageEffects":false,"showParticleSystems":false},"in2DMode":false,"pivot":{"x":0.869888186454773,"y":1.6728798151016236,"z":-1.261842966079712},"rotation":{"x":-0.15726011991500855,"y":-0.6238316893577576,"z":0.13003337383270265,"w":-0.7544545531272888},"size":4.228076457977295,"orthographic":false}