{"cameraMode":{"drawMode":0,"name":"Shaded","section":"Shading Mode"},"sceneLighting":true,"audioPlay":false,"sceneViewState":{"showFog":false,"showMaterialUpdate":false,"showSkybox":false,"showFlares":false,"showImageEffects":false,"showParticleSystems":false},"in2DMode":false,"pivot":{"x":-0.3330087661743164,"y":0.4680294990539551,"z":-0.09957939386367798},"rotation":{"x":-0.3055981397628784,"y":-0.5905056595802307,"z":0.25735610723495486,"w":-0.7012044191360474},"size":6.087550640106201,"orthographic":false}