{"cameraMode":{"drawMode":0,"name":"Shaded","section":"Shading Mode"},"sceneLighting":true,"audioPlay":false,"sceneViewState":{"showFog":false,"showMaterialUpdate":false,"showSkybox":false,"showFlares":false,"showImageEffects":false,"showParticleSystems":false},"in2DMode":false,"pivot":{"x":-2.2351741790771485e-7,"y":0.000001430511474609375,"z":0.5},"rotation":{"x":-0.06588078290224076,"y":0.04638203606009483,"z":0.0030656778253614904,"w":0.9967437386512756},"size":1.6666635274887086,"orthographic":false}